CustomerID,First Name,Last Name,Segment,Address,City,State,ZipCode
1,Claire,Gute,Consumer,187 Butternut Court,Daytona Beach,Florida,32128
2,Darrin,Van,Corporate,2 Farmco Point,San Bernardino,California,92405
3,Sean,O'Donnell,Consumer,842 Esker Court,Fresno,California,93762
4,Brosina,Hoffman,Consumer,9 Vermont Alley,Pittsburgh,Pennsylvania,15210
5,Andrew,Allen,Consumer,0834 Waxwing Parkway,Detroit,Michigan,48211
6,Irene,Maddox,Consumer,51711 Buell Alley,Charleston,West Virginia,25321
7,Harold,Pawlan,Home Office,6 Sullivan Plaza,Murfreesboro,Tennessee,37131
8,Pete,Kriz,Consumer,57299 Haas Pass,Charleston,South Carolina,29411
9,Alejandro,Grove,Consumer,81 Everett Alley,Philadelphia,Pennsylvania,19120
10,Zuschuss,Donatelli,Consumer,6 Merry Street,El Paso,Texas,79923
11,Ken,Black,Corporate,87 Esch Pass,Minneapolis,Minnesota,55417
12,Sandra,Flanagan,Consumer,8163 Old Gate Terrace,Boise,Idaho,83732
13,Emily,Burns,Consumer,04147 Waywood Lane,Beaverton,Oregon,97075
14,Eric,Hoffmann,Consumer,59482 Luster Pass,Peoria,Illinois,61614
15,Tracy,Blumstein,Consumer,5 Sullivan Drive,Los Angeles,California,90030
16,Matt,Abelman,Home Office,1282 Thierer Hill,Littleton,Colorado,80161
17,Gene,Hale,Corporate,54 Cambridge Drive,Raleigh,North Carolina,27615
18,Steve,Nguyen,Home Office,68 Katie Center,Orlando,Florida,32819
19,Linda,Cazamias,Corporate,031 Heffernan Way,Sacramento,California,94273
20,Ruben,Ausman,Corporate,0370 Fairfield Terrace,Philadelphia,Pennsylvania,19109
21,Erin,Smith,Corporate,77124 Reinke Lane,Des Moines,Iowa,50310
22,Odella,Nelson,Corporate,1 6th Pass,Seattle,Washington,98104
23,Patrick,O'Donnell,Consumer,328 Little Fleur Parkway,Fargo,North Dakota,58106
24,Lena,Hernandez,Consumer,29 Lakewood Alley,Battle Creek,Michigan,49018
25,Darren,Powers,Consumer,85 Buell Point,New York City,New York,10125
26,Janet,Molinari,Corporate,93 Lyons Court,Louisville,Kentucky,40298
27,Ted,Butterfield,Consumer,4 Forest Court,Santa Barbara,California,93150
28,Kunst,Miller,Consumer,789 Spaight Center,Asheville,North Carolina,28805
29,Paul,Stevenson,Home Office,531 Comanche Place,Palatine,Illinois,60078
30,Brendan,Sweed,Corporate,119 Schlimgen Park,Pittsburgh,Pennsylvania,15220
31,Karen,Daniels,Consumer,09911 Loeprich Parkway,Washington,District of Columbia,20215
32,Henry,MacAllister,Consumer,25291 East Center,Philadelphia,Pennsylvania,19136
33,Joel,Eaton,Consumer,13 Red Cloud Hill,Memphis,Tennessee,38143
34,Ken,Brennan,Corporate,48182 Service Center,Indianapolis,Indiana,46295
35,Stewart,Carmichael,Corporate,70 Prairie Rose Parkway,Van Nuys,California,91411
36,Duane,Noonan,Consumer,6 International Circle,Fresno,California,93762
37,Julie,Creighton,Corporate,8 Springs Pass,El Paso,Texas,88525
38,Christopher,Schild,Home Office,579 Northridge Court,Kansas City,Missouri,64136
39,Paul,Gonzalez,Consumer,6 Iowa Way,Detroit,Michigan,48206
40,Gary,Mitchum,Home Office,476 Hanover Street,Los Angeles,California,90087
41,Jim,Sink,Corporate,199 Everett Alley,Montgomery,Alabama,36134
42,Karl,Braun,Consumer,25 Steensland Lane,New York City,New York,10045
43,Roger,Barcio,Home Office,66 Ramsey Center,Knoxville,Tennessee,37939
44,Parhena,Norris,Home Office,7 Holy Cross Plaza,Charleston,West Virginia,25331
45,Katherine,Ducich,Consumer,9585 Shoshone Circle,Erie,Pennsylvania,16534
46,Elpida,Rittenbach,Corporate,9 Northridge Crossing,Las Vegas,Nevada,89115
47,Rick,Bensley,Home Office,286 Erie Street,Dayton,Ohio,45419
48,Gary,Zandusky,Consumer,72065 Caliangt Pass,Saint Louis,Missouri,63180
49,Lena,Cacioppo,Consumer,77648 Barnett Center,Corpus Christi,Texas,78470
50,Janet,Martin,Consumer,45412 Crownhardt Hill,Indianapolis,Indiana,46254
51,Pete,Armstrong,Home Office,353 Morrow Center,Myrtle Beach,South Carolina,29579
52,Cynthia,Voltz,Corporate,3 Drewry Hill,Miami,Florida,33111
53,Clay,Ludtke,Consumer,34509 Aberg Pass,Irvine,California,92612
54,Ryan,Crowe,Consumer,46 Kensington Road,Young America,Minnesota,55573
55,Dave,Kipp,Consumer,59 Hallows Road,Whittier,California,90610
56,Greg,Guthrie,Corporate,49 Hagan Plaza,Hampton,Virginia,23663
57,Steven,Cartwright,Consumer,290 Reindahl Crossing,Scottsdale,Arizona,85260
58,Alan,Dominguez,Home Office,0770 Hudson Street,Brooklyn,New York,11231
59,Philip,Fox,Consumer,1828 Buhler Avenue,Huntsville,Alabama,35895
60,Troy,Staebel,Consumer,858 Transport Avenue,Hialeah,Florida,33013
61,Lindsay,Shagiari,Home Office,151 Northland Parkway,Denver,Colorado,80235
62,Dorothy,Wardle,Corporate,957 Nancy Center,Erie,Pennsylvania,16522
63,Lena,Creighton,Consumer,44 Shoshone Street,Nashville,Tennessee,37210
64,Jonathan,Doherty,Corporate,6932 Sage Terrace,Louisville,Kentucky,40250
65,Sally,Hughsby,Corporate,7323 Mitchell Pass,Little Rock,Arkansas,72204
66,Sandra,Glassco,Consumer,408 Killdeer Plaza,Houston,Texas,77250
67,Helen,Andreada,Consumer,3775 Knutson Trail,Grand Rapids,Michigan,49560
68,Maureen,Gastineau,Home Office,63 Ohio Junction,Riverside,California,92513
69,Justin,Ellison,Corporate,0 Fisk Junction,Columbus,Mississippi,39705
70,Tamara,Willingham,Home Office,6132 Sage Place,Shawnee Mission,Kansas,66210
71,Stephanie,Phelps,Corporate,53648 Pearson Circle,Pittsburgh,Pennsylvania,15274
72,Neil,Knudson,Home Office,07 Almo Road,Chicago,Illinois,60657
73,Dave,Brooks,Consumer,642 Spaight Pass,Redwood City,California,94064
74,Nora,Paige,Consumer,9195 Basil Lane,North Las Vegas,Nevada,89087
75,Ted,Trevino,Consumer,858 Goodland Way,San Jose,California,95155
76,Eric,Murdock,Consumer,28910 Elka Court,Corona,California,92878
77,Ruben,Dartt,Consumer,015 Valley Edge Hill,Philadelphia,Pennsylvania,19115
78,Max,Jones,Consumer,32 Bobwhite Court,Kansas City,Missouri,64190
79,Becky,Martin,Consumer,4544 Pennsylvania Drive,New York City,New York,10039
80,Chad,Sievert,Consumer,18 Brown Way,San Diego,California,92196
81,Jennifer,Braxton,Corporate,07180 Waxwing Crossing,Durham,North Carolina,27717
82,Shirley,Jackson,Consumer,107 New Castle Park,Mobile,Alabama,36616
83,Jim,Kriz,Home Office,56484 Gale Pass,Saginaw,Michigan,48609
84,David,Kendrick,Corporate,1465 Summerview Circle,Kansas City,Missouri,64142
85,Robert,Marley,Home Office,5753 Schiller Parkway,Brooklyn,New York,11241
86,Sally,Knutson,Consumer,417 Express Parkway,Minneapolis,Minnesota,55436
87,Frank,Merwin,Home Office,2 Caliangt Trail,Lexington,Kentucky,40524
88,Alice,McCarthy,Corporate,812 Westerfield Crossing,Oklahoma City,Oklahoma,73135
89,Mark,Packer,Home Office,56 Farragut Parkway,Topeka,Kansas,66606
90,Mary,Zewe,Corporate,8851 Shopko Pass,El Paso,Texas,79940
91,Cassandra,Brandow,Consumer,45186 Fremont Park,New Haven,Connecticut,6510
92,Valerie,Mitchum,Home Office,25 Center Way,Topeka,Kansas,66699
93,Fred,Hopkins,Corporate,428 Basil Street,Boston,Massachusetts,2114
94,Maria,Bertelson,Consumer,61314 Bowman Place,Little Rock,Arkansas,72231
95,Bruce,Stewart,Consumer,09798 Boyd Street,Boca Raton,Florida,33487
96,Logan,Currie,Consumer,945 Hazelcrest Alley,Toledo,Ohio,43635
97,Heather,Kirkland,Corporate,5 Petterle Center,Sacramento,California,95828
98,Laurel,Elliston,Consumer,07754 Merrick Place,Greensboro,North Carolina,27455
99,Joseph,Holt,Consumer,990 Oneill Street,Minneapolis,Minnesota,55470
100,Michael,Stewart,Corporate,49 Eggendart Plaza,Englewood,Colorado,80150
101,Victoria,Wilson,Corporate,563 Miller Plaza,San Jose,California,95173
102,Jonathan,Howell,Consumer,3 Thompson Terrace,Tyler,Texas,75710
103,Joni,Blumstein,Consumer,1 Clove Court,Worcester,Massachusetts,1654
104,David,Smith,Corporate,426 Vidon Circle,Spokane,Washington,99205
105,Valerie,Dominguez,Consumer,8 Mayfield Hill,Trenton,New Jersey,8650
106,Erin,Ashbrook,Corporate,33767 Mosinee Road,Port Charlotte,Florida,33954
107,David,Bremer,Corporate,35 Delladonna Court,Fresno,California,93721
108,Ken,Lonsdale,Consumer,114 Shoshone Parkway,Atlanta,Georgia,30323
109,Dianna,Wilson,Home Office,2855 Goodland Lane,Wilkes Barre,Pennsylvania,18706
110,Logan,Haushalter,Consumer,5932 Westridge Circle,Dallas,Texas,75353
111,Kelly,Collister,Consumer,3209 Bluestem Avenue,Washington,District of Columbia,20414
112,Delfina,Latchford,Consumer,06151 Division Crossing,Harrisburg,Pennsylvania,17126
113,Dan,Reichenbach,Corporate,83809 Buell Circle,Pasadena,California,91109
114,Craig,Carreira,Consumer,7054 Dakota Street,Des Moines,Iowa,50393
115,Dorris,liebe,Corporate,53 Sundown Point,Houston,Texas,77005
116,Sean,Braxton,Corporate,6 Old Gate Park,Petaluma,California,94975
117,Roy,Collins,Consumer,9879 Pepper Wood Way,Glendale,California,91210
118,Alan,Hwang,Consumer,53884 Blaine Street,Richmond,Virginia,23208
119,Claudia,Bergmann,Corporate,0793 Russell Way,Olympia,Washington,98506
120,Christine,Abelman,Corporate,0 Kedzie Parkway,San Antonio,Texas,78278
121,Kristen,Hastings,Corporate,244 Morning Parkway,Montgomery,Alabama,36104
122,Barry,Blumstein,Corporate,513 Oak Terrace,Fort Lauderdale,Florida,33320
123,Andrew,Gjertsen,Corporate,90869 Esker Place,Washington,District of Columbia,20046
124,Jas,O'Carroll,Consumer,937 6th Hill,Pensacola,Florida,32511
125,Alan,Haines,Corporate,6 Sloan Trail,San Antonio,Texas,78210
126,Nick,Zandusky,Home Office,5936 Schurz Road,Charleston,West Virginia,25336
127,Kelly,Lampkin,Corporate,97751 Emmet Avenue,Great Neck,New York,11024
128,Alan,Schoenberger,Corporate,0186 Norway Maple Point,Madison,Wisconsin,53779
129,Corey,Roper,Home Office,417 Messerschmidt Circle,Jacksonville,Florida,32204
130,Shahid,Hopkins,Consumer,648 Stoughton Center,Tallahassee,Florida,32304
131,Ben,Peterman,Corporate,30 Packers Lane,Honolulu,Hawaii,96820
132,Thomas,Seio,Corporate,598 Steensland Center,Tyler,Texas,75710
133,Andy,Gerbode,Corporate,79 Granby Lane,Bryan,Texas,77806
134,Sung,Pak,Corporate,52577 John Wall Lane,Pompano Beach,Florida,33064
135,Nathan,Mautz,Home Office,9099 Springs Street,Schenectady,New York,12325
136,Frank,Atkinson,Corporate,5 Green Hill,Sioux Falls,South Dakota,57193
137,Grace,Kelly,Corporate,3 Glacier Hill Street,South Lake Tahoe,California,96154
138,Don,Jones,Corporate,95809 Bunting Drive,Frankfort,Kentucky,40618
139,Patrick,O'Brill,Consumer,275 Fairview Point,Springfield,Virginia,22156
140,John,Lucas,Consumer,0042 Bluejay Avenue,Madison,Wisconsin,53785
141,Doug,Bickford,Consumer,267 Kensington Plaza,Columbia,South Carolina,29215
142,Alyssa,Crouse,Corporate,5 Fairfield Hill,Fort Pierce,Florida,34949
143,Clay,Cheatham,Consumer,25 Butternut Drive,Fort Lauderdale,Florida,33315
144,Tamara,Dahlen,Consumer,6 4th Court,Boise,Idaho,83716
145,Adam,Bellavance,Home Office,47 Birchwood Place,Pensacola,Florida,32520
146,Jeremy,Lonsdale,Consumer,0539 Bunting Lane,Denver,Colorado,80217
147,Victoria,Brennan,Corporate,332 Sommers Lane,San Francisco,California,94169
148,Katrina,Willman,Consumer,9 Monica Hill,Winston Salem,North Carolina,27116
149,Julia,Dunbar,Consumer,4 Clemons Crossing,Springfield,Massachusetts,1152
150,Michael,Kennedy,Corporate,06464 Kennedy Junction,Los Angeles,California,90189
151,Guy,Thornton,Consumer,8143 Dayton Way,Philadelphia,Pennsylvania,19115
152,Arthur,Gainer,Consumer,042 Sauthoff Circle,San Diego,California,92121
153,Muhammed,MacIntyre,Corporate,9 Crownhardt Lane,Kansas City,Missouri,64187
154,Allen,Rosenblatt,Corporate,05020 Michigan Circle,Boise,Idaho,83711
155,Russell,Applegate,Consumer,0 Mockingbird Center,Whittier,California,90605
156,Alejandro,Savely,Corporate,57557 Cambridge Terrace,Bakersfield,California,93399
157,Laura,Armstrong,Corporate,15203 Hallows Crossing,Vancouver,Washington,98664
158,Denny,Ordway,Consumer,87096 Rutledge Center,Jacksonville,Florida,32236
159,Dean,Katz,Corporate,890 Kinsman Hill,Atlanta,Georgia,31165
160,Nathan,Gelder,Consumer,92095 Laurel Plaza,Omaha,Nebraska,68117
161,Mike,Vittorini,Consumer,70250 Graceland Lane,Baton Rouge,Louisiana,70810
162,Jack,Garza,Consumer,2466 Sage Lane,Dallas,Texas,75323
163,Bart,Pistole,Corporate,3 Sachtjen Junction,Charleston,West Virginia,25313
164,Victor,Preis,Home Office,2915 Southridge Hill,Los Angeles,California,90087
165,Saphhira,Shifley,Corporate,6108 Lien Junction,Atlanta,Georgia,30351
166,Anna,Gayman,Consumer,01704 Shopko Street,Pittsburgh,Pennsylvania,15274
167,Luke,Foster,Consumer,12 Buell Point,Minneapolis,Minnesota,55407
168,Roy,Französisch,Consumer,6 Stang Trail,Trenton,New Jersey,8650
169,Keith,Herrera,Consumer,7 Hallows Parkway,Winston Salem,North Carolina,27110
170,Kimberly,Carter,Corporate,76 Lawn Trail,Memphis,Tennessee,38131
171,Caroline,Jumper,Consumer,3900 Maple Avenue,Peoria,Illinois,61640
172,Philip,Brown,Consumer,3 Evergreen Crossing,Charleston,West Virginia,25356
173,Michael,Paige,Corporate,11247 Shopko Parkway,Erie,Pennsylvania,16565
174,Natalie,Fritzler,Consumer,3 Welch Drive,Washington,District of Columbia,20022
175,Shirley,Daniels,Home Office,8 Westport Road,Phoenix,Arizona,85030
176,Ken,Heidel,Corporate,6868 Veith Street,Durham,North Carolina,27705
177,Ross,Baird,Home Office,53 Clyde Gallagher Circle,Corpus Christi,Texas,78410
178,Mike,Kennedy,Consumer,58832 Westerfield Trail,Washington,District of Columbia,20016
179,Philisse,Overcash,Home Office,035 Bashford Park,Montgomery,Alabama,36119
180,Brenda,Bowman,Corporate,2749 6th Terrace,Detroit,Michigan,48258
181,Troy,Blackwell,Consumer,81620 Hudson Trail,Los Angeles,California,90045
182,Raymond,Buch,Consumer,042 Holy Cross Road,Sacramento,California,94263
183,Ed,Braxton,Corporate,0777 Fair Oaks Trail,Austin,Texas,78764
184,Sanjit,Chand,Consumer,78912 Rutledge Place,Baltimore,Maryland,21281
185,Tanja,Norvell,Home Office,44 Londonderry Junction,Richmond,Virginia,23203
186,Joni,Sundaresam,Home Office,535 Macpherson Road,Davenport,Iowa,52804
187,Maya,Herman,Corporate,505 Westend Way,Omaha,Nebraska,68144
188,Jeremy,Pistek,Consumer,15 Park Meadow Junction,Houston,Texas,77266
189,Jeremy,Ellison,Consumer,4 Kensington Park,Long Beach,California,90847
190,John,Grady,Corporate,76705 Maywood Lane,Portland,Oregon,97286
191,Xylona,Preis,Consumer,1 Maryland Center,Sarasota,Florida,34276
192,Erin,Mull,Consumer,39122 Debra Drive,Louisville,Kentucky,40293
193,Michelle,Tran,Home Office,0 Clyde Gallagher Terrace,Lexington,Kentucky,40591
194,Sue,Ann,Consumer,8 Nobel Road,Albany,Georgia,31704
195,Carl,Weiss,Home Office,12865 Monument Drive,Lafayette,Indiana,47905
196,Astrea,Jones,Consumer,403 Artisan Park,Indianapolis,Indiana,46202
197,Sonia,Sunley,Consumer,432 Hollow Ridge Junction,Saint Paul,Minnesota,55103
198,Rose,O'Brian,Consumer,21 American Crossing,Washington,District of Columbia,20231
199,Maribeth,Dona,Consumer,3 Morrow Court,Carol Stream,Illinois,60351
200,Maribeth,Yedwab,Corporate,297 Barby Crossing,Cedar Rapids,Iowa,52410
201,Christopher,Martinez,Consumer,41 Judy Avenue,Washington,District of Columbia,20397
202,Lynn,Smith,Consumer,68 Scoville Point,Worcester,Massachusetts,1605
203,Bradley,Nguyen,Consumer,850 Lotheville Trail,Madison,Wisconsin,53710
204,Dean,Braden,Consumer,17787 Menomonie Point,Stockton,California,95298
205,Matt,Connell,Corporate,82764 Norway Maple Drive,Jackson,Tennessee,38308
206,Brian,Dahlen,Consumer,4730 Lillian Crossing,Lake Worth,Florida,33467
207,Patricia,Hirasaki,Home Office,26020 Fallview Street,San Antonio,Texas,78220
208,Mike,Gockenbach,Consumer,7539 International Hill,Oklahoma City,Oklahoma,73119
209,Karen,Bern,Corporate,962 Hovde Point,North Las Vegas,Nevada,89036
210,Jasper,Cacioppo,Consumer,8576 Farmco Trail,Grand Rapids,Michigan,49560
211,Rob,Lucas,Consumer,300 Kedzie Drive,Austin,Texas,78737
212,Allen,Armold,Consumer,2 Victoria Parkway,New Orleans,Louisiana,70142
213,Emily,Phan,Consumer,80329 Farragut Road,Nashville,Tennessee,37220
214,Darren,Koutras,Consumer,3 Sachtjen Pass,Detroit,Michigan,48232
215,Bradley,Drucker,Consumer,029 Lindbergh Way,Young America,Minnesota,55557
216,Liz,MacKendrick,Consumer,20 Packers Trail,Roanoke,Virginia,24048
217,Adrian,Shami,Home Office,29182 Warbler Plaza,Salt Lake City,Utah,84110
218,Bill,Donatelli,Consumer,8533 Sunfield Lane,Montgomery,Alabama,36114
219,Greg,Tran,Consumer,53 Carioca Trail,Washington,District of Columbia,20029
220,Ashley,Jarboe,Consumer,37 Namekagon Terrace,Macon,Georgia,31205
221,Olvera,Toch,Consumer,18 Holy Cross Drive,Lexington,Kentucky,40586
222,Liz,Pelletier,Consumer,6349 Graedel Street,Sterling,Virginia,20167
223,Cynthia,Arntzen,Consumer,294 Dixon Terrace,Nashville,Tennessee,37228
224,Jeremy,Farry,Consumer,69030 Fremont Road,Flushing,New York,11388
225,Frank,Preis,Consumer,6644 Macpherson Hill,Roanoke,Virginia,24014
226,Ellis,Ballard,Corporate,0 Clemons Trail,New York City,New York,10155
227,Jennifer,Ferguson,Consumer,83145 Pennsylvania Park,Norfolk,Virginia,23514
228,Sarah,Foster,Consumer,5132 Tennessee Junction,Seattle,Washington,98109
229,Trudy,Glocke,Consumer,5 American Ash Point,Austin,Texas,78710
230,Carlos,Soltero,Consumer,4247 Birchwood Pass,Waco,Texas,76705
231,Charles,Crestani,Consumer,11226 Westerfield Junction,Portland,Oregon,97221
232,Dianna,Vittorini,Consumer,52 Homewood Park,Lubbock,Texas,79452
233,Bruce,Degenhardt,Consumer,8766 Green Terrace,Pensacola,Florida,32511
234,Zuschuss,Carroll,Consumer,28428 Express Park,Inglewood,California,90310
235,Melanie,Seite,Consumer,0104 Green Street,San Francisco,California,94177
236,Lena,Radford,Consumer,4 Vermont Point,Columbus,Ohio,43204
237,Theone,Pippenger,Consumer,31 Division Alley,Washington,District of Columbia,20062
238,Chloris,Kastensmidt,Consumer,805 Pearson Point,Shawnee Mission,Kansas,66210
239,Alan,Shonely,Consumer,392 Scofield Junction,Albuquerque,New Mexico,87140
240,Andrew,Roberts,Consumer,4 Nobel Point,Lake Worth,Florida,33467
241,Nona,Balk,Corporate,73280 Forest Center,Saint Petersburg,Florida,33705
242,Giulietta,Dortch,Corporate,1 Melby Lane,Lakeland,Florida,33805
243,Clytie,Kelty,Consumer,6709 Eastlawn Center,Erie,Pennsylvania,16550
244,Nat,Gilpin,Corporate,77 Reinke Center,Seattle,Washington,98115
245,Christina,Anderson,Consumer,374 Melrose Alley,Springfield,Illinois,62794
246,Sylvia,Foulston,Corporate,2 Sage Street,San Diego,California,92191
247,Meg,O'Connel,Home Office,12388 Esch Avenue,Winston Salem,North Carolina,27157
248,Annie,Thurman,Consumer,37 8th Plaza,Los Angeles,California,90045
249,Fred,McMath,Consumer,24 Oak Plaza,Harrisburg,Pennsylvania,17121
250,Denny,Joy,Corporate,39338 Kennedy Court,Pasadena,California,91125
251,Max,Engle,Consumer,3349 Basil Avenue,Tucson,Arizona,85737
252,Justin,Deggeller,Corporate,7970 Claremont Way,San Francisco,California,94116
253,John,Lee,Consumer,4606 Melody Plaza,Lexington,Kentucky,40546
254,Sean,Christensen,Consumer,93 Southridge Drive,Syracuse,New York,13205
255,Chuck,Clark,Home Office,636 Upham Street,Saint Louis,Missouri,63169
256,Anthony,Rawles,Corporate,7 Rowland Road,Omaha,Nebraska,68134
257,Steven,Roelle,Home Office,44601 Badeau Circle,Eugene,Oregon,97405
258,Craig,Reiter,Consumer,79343 Sauthoff Plaza,Cumming,Georgia,30130
259,Eugene,Hildebrand,Home Office,22240 Boyd Place,Santa Monica,California,90410
260,Sibella,Parks,Corporate,9 Michigan Plaza,Pasadena,California,91103
261,Tiffany,House,Corporate,2376 International Center,Paterson,New Jersey,7522
262,Resi,Pölking,Consumer,33 Lunder Hill,Washington,District of Columbia,20078
263,Rob,Beeghly,Consumer,72 Cody Street,New Orleans,Louisiana,70165
264,Carol,Darley,Consumer,2673 Thompson Road,Mobile,Alabama,36641
265,Doug,Jacobs,Consumer,2292 Lukken Center,Clearwater,Florida,34620
266,Grant,Thornton,Corporate,4482 Maryland Hill,Philadelphia,Pennsylvania,19115
267,Michael,Chen,Consumer,6 Gateway Parkway,Peoria,Illinois,61656
268,Ralph,Arnett,Consumer,15049 Mitchell Court,Dayton,Ohio,45403
269,Naresj,Patel,Consumer,0570 Stone Corner Parkway,Tacoma,Washington,98411
270,Alan,Barnes,Consumer,229 Eliot Trail,Chicago,Illinois,60619
271,Jesus,Ocampo,Home Office,1 Prentice Crossing,Oakland,California,94616
272,Jay,Kimmel,Consumer,2 Randy Street,Yakima,Washington,98907
273,Brad,Norvell,Corporate,7 Maryland Alley,Henderson,Nevada,89074
274,David,Philippe,Consumer,7113 Brentwood Pass,Tucson,Arizona,85720
275,Tracy,Hopkins,Home Office,04 Hoepker Place,Pasadena,California,91117
276,Arthur,Prichep,Consumer,1 Sundown Place,Honolulu,Hawaii,96820
277,Roland,Schwarz,Corporate,54 Sundown Place,Dallas,Texas,75372
278,Seth,Vernon,Consumer,7 Monica Plaza,El Paso,Texas,88558
279,Christine,Kargatis,Home Office,6 Doe Crossing Pass,Chesapeake,Virginia,23324
280,Ross,DeVincentis,Home Office,9 Glacier Hill Crossing,White Plains,New York,10633
281,Mathew,Reese,Home Office,56916 Artisan Center,Cleveland,Ohio,44197
282,Steve,Chapman,Corporate,89084 Sage Park,Lubbock,Texas,79491
283,Jay,Fein,Consumer,2 Kedzie Junction,Great Neck,New York,11024
284,Emily,Grady,Consumer,3 Surrey Drive,Bronx,New York,10464
285,Darrin,Sayre,Home Office,68 Bashford Trail,San Antonio,Texas,78250
286,Phillina,Ober,Home Office,18902 Ryan Hill,Naples,Florida,33963
287,Sung,Shariari,Consumer,27 Oxford Park,Sioux City,Iowa,51105
288,Peter,Bühler,Consumer,34 Riverside Parkway,Youngstown,Ohio,44511
289,Roland,Fjeld,Consumer,8 Bartelt Point,Akron,Ohio,44310
290,Yoseph,Carroll,Corporate,196 Truax Point,Fresno,California,93794
291,Debra,Catini,Consumer,679 Farragut Road,Terre Haute,Indiana,47805
292,Christine,Phan,Corporate,3 Eagle Crest Plaza,Houston,Texas,77206
293,Barry,Französisch,Corporate,64 Miller Alley,Salt Lake City,Utah,84152
294,Lisa,Hazard,Consumer,8 Sundown Place,Virginia Beach,Virginia,23471
295,Chris,Selesnick,Corporate,19553 American Park,South Bend,Indiana,46699
296,Anthony,Johnson,Corporate,49 Stuart Avenue,Tucson,Arizona,85743
297,Benjamin,Venier,Corporate,6886 Buell Hill,San Jose,California,95113
298,Dan,Lawera,Consumer,098 Judy Trail,Johnson City,Tennessee,37605
299,Bryan,Mills,Consumer,82 Banding Court,Chicago,Illinois,60641
300,Liz,Thompson,Consumer,0 Meadow Ridge Hill,Miami,Florida,33134
301,Joe,Kamberova,Consumer,50 Bartelt Park,Bronx,New York,10474
302,Erica,Smith,Consumer,43 Norway Maple Pass,Migrate,Kentucky,41905
303,Rick,Hansen,Consumer,425 Burning Wood Circle,Tampa,Florida,33686
304,Carlos,Daly,Consumer,33046 Forest Court,San Francisco,California,94126
305,Helen,Wasserman,Corporate,5 Kropf Alley,New York City,New York,10249
306,Mike,Caudle,Corporate,40644 Rockefeller Pass,Metairie,Louisiana,70005
307,Gary,McGarr,Consumer,457 Golf View Street,Huntington,West Virginia,25726
308,Pauline,Johnson,Consumer,362 Kenwood Hill,Houston,Texas,77234
309,Bart,Watters,Corporate,1 Moland Pass,San Antonio,Texas,78215
310,Toby,Ritter,Consumer,55164 Tony Road,Santa Ana,California,92725
311,Patrick,Gardner,Consumer,014 Hoffman Crossing,Lynn,Massachusetts,1905
312,James,Lanier,Home Office,297 Butterfield Point,Kansas City,Missouri,64109
313,Brian,Moss,Corporate,54101 Autumn Leaf Drive,Delray Beach,Florida,33448
314,Eudokia,Martin,Corporate,843 Northland Circle,Huntsville,Alabama,35805
315,Art,Foster,Consumer,867 Acker Place,Dallas,Texas,75397
316,Guy,Armstrong,Consumer,0 Londonderry Plaza,Augusta,Georgia,30919
317,Cyma,Kinney,Corporate,38 Nevada Street,Lexington,Kentucky,40515
318,Dave,Poirier,Corporate,2254 Schmedeman Court,Spokane,Washington,99260
319,Berenike,Kampe,Consumer,433 Kinsman Parkway,Maple Plain,Minnesota,55579
320,Sanjit,Jacobs,Home Office,0 Welch Alley,New Orleans,Louisiana,70129
321,Chuck,Magee,Consumer,1 Springs Center,Seattle,Washington,98115
322,Anthony,Jacobs,Corporate,934 Buell Way,Corona,California,92883
323,Linda,Southworth,Corporate,56 Heath Point,Scottsdale,Arizona,85260
324,Guy,Phonely,Corporate,9 Northfield Park,Lincoln,Nebraska,68517
325,Paul,Knutson,Home Office,7 Spenser Drive,Madison,Wisconsin,53779
326,Sally,Matthias,Consumer,66480 Eagle Crest Avenue,Fort Lauderdale,Florida,33355
327,Anthony,Garverick,Home Office,553 Schmedeman Crossing,Nashville,Tennessee,37215
328,Peter,McVee,Home Office,24 Atwood Junction,Madison,Wisconsin,53779
329,Lauren,Leatherbury,Consumer,256 Dakota Lane,Louisville,Kentucky,40280
330,Jill,Stevenson,Corporate,3322 Hazelcrest Lane,Schaumburg,Illinois,60193
331,Ed,Ludwig,Home Office,52 Russell Circle,Manchester,New Hampshire,3105
332,Pamela,Coakley,Corporate,00862 6th Alley,Montpelier,Vermont,5609
333,Hunter,Lopez,Consumer,1 Manitowish Parkway,Oklahoma City,Oklahoma,73152
334,Maribeth,Schnelling,Consumer,073 Loeprich Junction,Atlanta,Georgia,31106
335,George,Bell,Corporate,9 Clyde Gallagher Point,Washington,District of Columbia,20078
336,Justin,Ritter,Corporate,121 Moulton Drive,Memphis,Tennessee,38119
337,Bill,Eplett,Home Office,16 Forest Run Court,Mesquite,Texas,75185
338,Sample,Company,Home Office,7 Mcbride Park,San Bernardino,California,92405
339,Rob,Williams,Corporate,7 Eliot Street,Los Angeles,California,90005
340,Sanjit,Engle,Consumer,75928 Rusk Terrace,Bradenton,Florida,34282
341,Adam,Hart,Corporate,7857 Browning Court,Chicago,Illinois,60657
342,Jessica,Myrick,Consumer,719 Rockefeller Parkway,Birmingham,Alabama,35231
343,Joel,Jenkins,Home Office,6595 Nancy Terrace,Pensacola,Florida,32526
344,Ralph,Kennedy,Consumer,28243 Eliot Avenue,Pasadena,California,91186
345,Catherine,Glotzbach,Home Office,95 Swallow Park,Sacramento,California,95833
346,Rachel,Payne,Corporate,9944 Bayside Avenue,Pensacola,Florida,32505
347,Karen,Carlisle,Corporate,506 Superior Avenue,Shreveport,Louisiana,71115
348,Katherine,Hughes,Consumer,809 Canary Drive,Arlington,Texas,76004
349,Greg,Hansen,Consumer,3 Haas Trail,Austin,Texas,78710
350,Scott,Williamson,Consumer,78494 Granby Park,Hagerstown,Maryland,21747
351,Joseph,Airdo,Consumer,19497 Meadow Vale Way,Birmingham,Alabama,35285
352,Daniel,Lacy,Consumer,646 Pearson Point,Newport News,Virginia,23612
353,Lindsay,Williams,Corporate,22 Sycamore Circle,Hartford,Connecticut,6120
354,Thomas,Brumley,Home Office,0 Hagan Trail,Denver,Colorado,80228
355,Bryan,Spruell,Home Office,4407 John Wall Alley,Danbury,Connecticut,6816
356,Robert,Waldorf,Consumer,16 Namekagon Junction,Harrisburg,Pennsylvania,17126
357,Tracy,Zic,Consumer,83108 Transport Street,San Jose,California,95113
358,Ann,Steele,Home Office,160 Victoria Road,Los Angeles,California,90020
359,Toby,Swindell,Consumer,209 East Junction,Dayton,Ohio,45426
360,Sara,Luxemburg,Home Office,9040 Holmberg Plaza,Atlanta,Georgia,30358
361,Mitch,Willingham,Corporate,7 Clove Court,Rochester,New York,14609
362,Rob,Dowd,Consumer,1730 Hauk Point,Little Rock,Arkansas,72222
363,Ryan,Akin,Consumer,1 Mayfield Way,Oklahoma City,Oklahoma,73197
364,Meg,Tillman,Consumer,26 Roth Center,San Jose,California,95123
365,Vivek,Gonzalez,Consumer,8 Rutledge Court,Shawnee Mission,Kansas,66286
366,John,Stevenson,Consumer,16 Spenser Avenue,Baltimore,Maryland,21229
367,Kalyca,Meade,Corporate,93 La Follette Terrace,Seattle,Washington,98158
368,Hallie,Redmond,Home Office,9 Longview Court,Hartford,Connecticut,6145
369,Deanra,Eno,Home Office,12957 Russell Lane,Indianapolis,Indiana,46254
370,Allen,Goldenen,Consumer,2121 Blue Bill Park Parkway,Dayton,Ohio,45414
371,Jennifer,Jackson,Consumer,6 Northridge Plaza,Phoenix,Arizona,85067
372,Jennifer,Halladay,Consumer,1752 Tennessee Parkway,Philadelphia,Pennsylvania,19131
373,Robert,Dilbeck,Home Office,98960 Butternut Center,Saint Cloud,Minnesota,56398
374,Mary,O'Rourke,Consumer,46 Schlimgen Lane,New Orleans,Louisiana,70174
375,Noel,Staavos,Corporate,815 Bunting Court,Boca Raton,Florida,33432
376,Deirdre,Greer,Corporate,31 6th Avenue,Washington,District of Columbia,20551
377,Nicole,Fjeld,Home Office,8971 Burrows Court,Honolulu,Hawaii,96845
378,Matthew,Grinstein,Home Office,607 Esker Pass,Tampa,Florida,33661
379,Theresa,Swint,Corporate,5 Old Gate Terrace,Washington,District of Columbia,20078
380,Brian,DeCherney,Consumer,97 Sunfield Parkway,Sacramento,California,95838
381,Charles,McCrossin,Consumer,3493 Merchant Crossing,Washington,District of Columbia,20404
382,Skye,Norling,Home Office,0 Main Parkway,San Diego,California,92153
383,Erica,Hernandez,Home Office,5805 Sundown Lane,Gaithersburg,Maryland,20883
384,Frank,Olsen,Consumer,5 Amoth Alley,Oklahoma City,Oklahoma,73114
385,Maurice,Satty,Consumer,7858 Rusk Park,Richmond,Virginia,23208
386,Chad,Cunningham,Home Office,7618 Birchwood Lane,Roanoke,Virginia,24024
387,Don,Weiss,Consumer,4 Bonner Road,New York City,New York,10004
388,Bill,Tyler,Corporate,876 Texas Terrace,Los Angeles,California,90065
389,Craig,Yedwab,Corporate,9190 Swallow Lane,Fort Worth,Texas,76198
390,Brad,Thomas,Home Office,8476 Russell Way,Tampa,Florida,33661
391,Penelope,Sewall,Home Office,56359 Mallory Alley,Houston,Texas,77260
392,Paul,Van,Home Office,25423 Del Mar Crossing,Phoenix,Arizona,85040
393,Neoma,Murray,Consumer,57404 Walton Lane,Houston,Texas,77223
394,Dionis,Lloyd,Corporate,01989 Continental Crossing,Columbus,Ohio,43210
395,Christine,Sundaresam,Consumer,0407 Ilene Place,Lubbock,Texas,79415
396,Frank,Hawley,Corporate,52426 Arizona Hill,Minneapolis,Minnesota,55448
397,Nat,Carroll,Consumer,698 Dayton Lane,Atlanta,Georgia,31136
398,Alex,Avila,Consumer,6 Dakota Center,Atlanta,Georgia,30392
399,Larry,Tron,Consumer,1358 Carey Park,Louisville,Kentucky,40210
400,Anne,Pryor,Home Office,59901 Colorado Pass,Baltimore,Maryland,21290
401,Paul,MacIntyre,Consumer,5390 Mandrake Lane,Corpus Christi,Texas,78470
402,Alyssa,Tate,Home Office,8 Eggendart Terrace,Las Vegas,Nevada,89105
403,Cathy,Armstrong,Home Office,39 Barnett Circle,Richmond,Virginia,23228
404,Harold,Ryan,Corporate,27232 Badeau Circle,Akron,Ohio,44310
405,Bradley,Talbott,Home Office,33 Katie Way,Houston,Texas,77045
406,Larry,Hughes,Consumer,9432 Sachtjen Park,Sacramento,California,95894
407,Steven,Ward,Corporate,392 Dixon Terrace,Erie,Pennsylvania,16565
408,Stefania,Perrino,Corporate,3 David Avenue,Henderson,Nevada,89074
409,Ben,Ferrer,Home Office,94862 Little Fleur Pass,Atlanta,Georgia,30316
410,Kean,Thornton,Consumer,41919 Truax Terrace,Washington,District of Columbia,20244
411,Brooke,Gillingham,Corporate,77844 Welch Terrace,Phoenix,Arizona,85020
412,Greg,Matthias,Consumer,75699 Sunfield Circle,Los Angeles,California,90087
413,Eva,Jacobs,Consumer,998 Barby Junction,Detroit,Michigan,48242
414,Nora,Preis,Consumer,573 Paget Court,Bethlehem,Pennsylvania,18018
415,Mick,Hernandez,Home Office,83 Onsgard Point,Oklahoma City,Oklahoma,73173
416,Jocasta,Rupert,Consumer,3393 Schmedeman Park,Houston,Texas,77075
417,Suzanne,McNair,Corporate,2206 Mcguire Terrace,San Diego,California,92186
418,Chris,Cortes,Consumer,6 Eastwood Drive,Vancouver,Washington,98687
419,Phillip,Flathmann,Consumer,1887 Rusk Center,Houston,Texas,77090
420,Dan,Campbell,Consumer,7444 Hagan Alley,Colorado Springs,Colorado,80920
421,Bryan,Davis,Consumer,622 Florence Hill,Lawrenceville,Georgia,30245
422,Gene,McClure,Consumer,886 Lakewood Gardens Plaza,Stockton,California,95298
423,Todd,Boyes,Corporate,33 Corben Lane,Los Angeles,California,90071
424,Justin,Hirsh,Consumer,5 Melby Trail,Kansas City,Missouri,64149
425,Erica,Bern,Corporate,1776 Grim Street,Las Vegas,Nevada,89150
426,Quincy,Jones,Corporate,7447 Debs Road,Shreveport,Louisiana,71105
427,Tracy,Collins,Home Office,2 Melvin Plaza,Decatur,Georgia,30033
428,Chuck,Sachs,Consumer,4492 Ilene Center,Elizabeth,New Jersey,7208
429,Henry,Goldwyn,Corporate,19 Kensington Center,San Francisco,California,94142
430,Laurel,Workman,Corporate,7250 Meadow Ridge Junction,Washington,District of Columbia,20238
431,Matt,Collins,Consumer,1588 Superior Hill,Seattle,Washington,98104
432,Liz,Preis,Consumer,3 Mendota Lane,Springfield,Illinois,62764
433,Evan,Bailliet,Consumer,408 Anderson Trail,South Bend,Indiana,46620
434,George,Zrebassa,Corporate,2336 Surrey Drive,Charlotte,North Carolina,28210
435,Cathy,Prescott,Corporate,670 Commercial Street,Wichita,Kansas,67210
436,Frank,Gastineau,Home Office,1 Everett Park,Atlanta,Georgia,31165
437,Lisa,DeCherney,Consumer,6579 Browning Point,Conroe,Texas,77305
438,Alejandro,Ballentine,Home Office,2950 North Drive,Buffalo,New York,14269
439,Michael,Nguyen,Consumer,264 Warrior Drive,Huntington,West Virginia,25709
440,Jim,Radford,Consumer,4 Veith Drive,Houston,Texas,77281
441,Jamie,Frazer,Consumer,938 Lunder Plaza,Wilmington,North Carolina,28405
442,Chad,McGuire,Consumer,6468 Carpenter Junction,Nashville,Tennessee,37228
443,Aaron,Smayling,Corporate,08 3rd Place,El Paso,Texas,88535
444,Beth,Paige,Consumer,0 Luster Point,Brockton,Massachusetts,2405
445,Natalie,DeCherney,Consumer,2 Twin Pines Crossing,Philadelphia,Pennsylvania,19184
446,Larry,Blacks,Consumer,1591 Dapin Point,New Orleans,Louisiana,70174
447,Kean,Takahito,Consumer,61 Vermont Road,Evansville,Indiana,47747
448,Harry,Marie,Corporate,6 Caliangt Drive,Houston,Texas,77293
449,Ann,Blume,Corporate,46820 Corscot Hill,Raleigh,North Carolina,27635
450,Sam,Zeldin,Home Office,672 American Ash Avenue,Duluth,Minnesota,55811
451,Michael,Granlund,Home Office,333 Ridgeview Circle,Toledo,Ohio,43666
452,Julie,Kriz,Home Office,73 Red Cloud Junction,Montgomery,Alabama,36119
453,Paul,Prost,Home Office,62 Gerald Street,Jamaica,New York,11431
454,Yana,Sorensen,Corporate,94 Barnett Junction,Plano,Texas,75074
455,Katherine,Murray,Home Office,0636 Moulton Place,Salt Lake City,Utah,84145
456,Adrian,Barton,Consumer,24 Harbort Avenue,Philadelphia,Pennsylvania,19125
457,Helen,Abelman,Consumer,6 Sundown Center,Montpelier,Vermont,5609
458,Beth,Thompson,Home Office,29 Namekagon Parkway,Juneau,Alaska,99812
459,Stuart,Van,Corporate,5 Ramsey Parkway,Fargo,North Dakota,58106
460,Rick,Wilson,Corporate,27 Coleman Junction,Fresno,California,93709
461,Damala,Kotsonis,Corporate,55816 Garrison Drive,Cleveland,Ohio,44185
462,Shui,Tom,Consumer,04328 Northport Center,Daytona Beach,Florida,32123
463,Michael,Moore,Consumer,656 Ryan Center,Marietta,Georgia,30061
464,Pauline,Webber,Corporate,65494 Sunbrook Lane,Hartford,Connecticut,6120
465,Shaun,Chance,Corporate,5030 Doe Crossing Avenue,Corpus Christi,Texas,78470
466,Thais,Sissman,Consumer,92 Morrow Center,Fort Myers,Florida,33906
467,Mark,Cousins,Corporate,67797 Little Fleur Parkway,Orange,California,92867
468,Maria,Etezadi,Home Office,7 Toban Street,Albuquerque,New Mexico,87105
469,Nicole,Hansen,Corporate,14741 Fair Oaks Junction,Las Vegas,Nevada,89125
470,Mick,Brown,Consumer,11496 Acker Plaza,Indianapolis,Indiana,46221
471,Keith,Dawkins,Corporate,3168 Menomonie Avenue,Tulsa,Oklahoma,74141
472,Katherine,Nockton,Corporate,96 Springs Circle,Miami,Florida,33147
473,Nora,Pelletier,Home Office,27 Lindbergh Circle,Toledo,Ohio,43615
474,Cindy,Stewart,Consumer,06739 Nevada Plaza,Hicksville,New York,11854
475,Maxwell,Schwartz,Consumer,4472 Blackbird Plaza,Bethlehem,Pennsylvania,18018
476,Corinna,Mitchell,Home Office,0764 Northfield Circle,Milwaukee,Wisconsin,53210
477,Corey-Lock,,Consumer,893 Monument Crossing,Bakersfield,California,93305
478,Todd,Sumrall,Corporate,27 Emmet Lane,Amarillo,Texas,79171
479,Jane,Waco,Corporate,0395 Milwaukee Lane,Houston,Texas,77234
480,John,Dryer,Consumer,436 Logan Lane,Las Vegas,Nevada,89115
481,Pauline,Chand,Home Office,64869 Daystar Circle,Kalamazoo,Michigan,49048
482,Andy,Reiter,Consumer,51568 Sullivan Park,Hartford,Connecticut,6152
483,Arianne,Irving,Consumer,15761 Thompson Center,Fort Lauderdale,Florida,33315
484,Tom,Boeckenhauer,Consumer,49742 Fordem Street,Reno,Nevada,89519
485,Paul,Lucas,Home Office,2 Monica Terrace,Santa Barbara,California,93111
486,Gary,Hwang,Consumer,67961 Nova Center,New York City,New York,10160
487,Mike,Pelletier,Home Office,200 Orin Drive,Spring,Texas,77388
488,Jim,Mitchum,Corporate,434 Saint Paul Plaza,Salinas,California,93907
489,Carl,Ludwig,Consumer,424 Surrey Drive,Stockton,California,95205
490,Deborah,Brumfield,Home Office,37 Kings Plaza,Brooklyn,New York,11231
491,Ivan,Gibson,Consumer,37 Anzinger Circle,Cincinnati,Ohio,45218
492,Bobby,Odegard,Consumer,257 Little Fleur Avenue,Springfield,Missouri,65898
493,Aimee,Bixby,Consumer,3 Pankratz Point,Mobile,Alabama,36605
494,Julia,West,Consumer,842 Cordelia Parkway,Meridian,Mississippi,39305
495,Edward,Becker,Corporate,37 Elmside Court,Madison,Wisconsin,53710
496,Sheri,Gordon,Consumer,2 Bluestem Place,Omaha,Nebraska,68117
497,Charlotte,Melton,Consumer,0069 Division Alley,Saint Joseph,Missouri,64504
498,Anthony,Witt,Consumer,689 Linden Circle,Los Angeles,California,90010
499,Mick,Crebagga,Consumer,0133 Dapin Terrace,Memphis,Tennessee,38131
500,Tonja,Turnell,Home Office,9552 Transport Alley,Columbus,Georgia,31998
501,Vivek,Grady,Corporate,22 Oak Circle,Charlotte,North Carolina,28299
502,Muhammed,Yedwab,Corporate,889 Morning Park,San Francisco,California,94132
503,Rick,Duston,Consumer,6687 Melvin Court,Columbus,Georgia,31904
504,Dennis,Pardue,Home Office,00160 Novick Alley,Kansas City,Missouri,64160
505,Marina,Lichtenstein,Corporate,69 Rowland Plaza,Riverside,California,92519
506,Jenna,Caffey,Consumer,45 Roth Street,Topeka,Kansas,66611
507,James,Galang,Consumer,3104 Ramsey Hill,Philadelphia,Pennsylvania,19160
508,Marc,Crier,Consumer,603 Kropf Place,Manchester,New Hampshire,3105
509,Natalie,Webber,Consumer,8740 American Park,Minneapolis,Minnesota,55441
510,Toby,Braunhardt,Consumer,71251 1st Drive,Minneapolis,Minnesota,55448
511,Bill,Stewart,Corporate,55 Swallow Crossing,Levittown,Pennsylvania,19058
512,Hilary,Holden,Corporate,4702 Dwight Trail,Galveston,Texas,77554
513,Christina,DeMoss,Consumer,71978 Jana Trail,Des Moines,Iowa,50330
514,Thea,Hendricks,Consumer,52116 Sycamore Parkway,Kalamazoo,Michigan,49006
515,Michelle,Moray,Consumer,2341 West Avenue,Honolulu,Hawaii,96805
516,Neola,Schneider,Consumer,39 Gale Pass,Springfield,Illinois,62756
517,Robert,Barroso,Corporate,87 Crest Line Road,Salt Lake City,Utah,84199
518,Shaun,Weien,Consumer,316 Oxford Court,Dallas,Texas,75216
519,Eric,Barreto,Consumer,5 Debs Plaza,Hampton,Virginia,23668
520,Pamela,Stobb,Consumer,98158 Green Terrace,Seminole,Florida,34642
521,Herbert,Flentye,Consumer,84207 Mallard Road,Bridgeport,Connecticut,6606
522,Henia,Zydlo,Consumer,42550 Tennessee Drive,Lafayette,Indiana,47905
523,Cynthia,Delaney,Home Office,52387 Bonner Terrace,Dallas,Texas,75310
524,Jamie,Kunitz,Consumer,554 Annamark Place,Austin,Texas,78715
525,Filia,McAdams,Corporate,178 Kim Trail,Akron,Ohio,44310
526,Emily,Ducich,Home Office,92 Scoville Parkway,Midland,Texas,79705
527,Dianna,Arnett,Home Office,9218 Nevada Park,Long Beach,California,90831
528,Joni,Wasserman,Consumer,3 Sunnyside Parkway,Buffalo,New York,14269
529,Raymond,Messe,Consumer,8520 Stoughton Pass,Seattle,Washington,98148
530,Max,Ludwig,Home Office,00 Springs Park,Phoenix,Arizona,85099
531,Craig,Carroll,Consumer,702 Warrior Court,Nashville,Tennessee,37228
532,Jim,Epp,Corporate,96314 Esker Terrace,Hartford,Connecticut,6140
533,Roy,Phan,Corporate,43 Debs Alley,Youngstown,Ohio,44555
534,Thomas,Boland,Corporate,334 Tennessee Park,Washington,District of Columbia,20337
535,Brad,Eason,Home Office,1065 Sunnyside Circle,Richmond,Virginia,23289
536,Jill,Fjeld,Consumer,10178 Clemons Trail,Springfield,Ohio,45505
537,Phillip,Breyer,Corporate,03457 Jay Center,Shreveport,Louisiana,71137
538,Brian,Thompson,Consumer,2 Paget Court,Louisville,Kentucky,40225
539,Janet,Lee,Consumer,9 Onsgard Pass,Jackson,Mississippi,39204
540,Cathy,Hwang,Home Office,2737 Iowa Avenue,Midland,Texas,79705
541,Neil,Ducich,Corporate,6845 Washington Parkway,Fresno,California,93704
542,Barbara,Fisher,Corporate,1 Susan Street,Bradenton,Florida,34205
543,Katharine,Harms,Corporate,1 Tomscot Alley,Montgomery,Alabama,36109
544,Giulietta,Weimer,Consumer,49 Mockingbird Junction,Baltimore,Maryland,21239
545,Noah,Childs,Corporate,5 Scofield Alley,Clearwater,Florida,33763
546,Michelle,Ellison,Corporate,60 Schmedeman Place,Lafayette,Louisiana,70505
547,Benjamin,Patterson,Consumer,6 Mayfield Plaza,Lexington,Kentucky,40510
548,John,Castell,Consumer,7 Forest Run Drive,New York City,New York,10280
549,Adam,Shillingsburg,Consumer,1118 Pankratz Alley,Houston,Texas,77035
550,Amy,Cox,Consumer,054 Merrick Trail,Escondido,California,92030
551,Michael,Dominguez,Corporate,0 Glendale Park,Miami,Florida,33175
552,Duane,Benoit,Consumer,1978 Bluestem Crossing,Newark,New Jersey,7195
553,Erica,Hackney,Consumer,9788 Buell Park,Washington,District of Columbia,20442
554,Edward,Hooks,Corporate,57622 Jana Center,Silver Spring,Maryland,20910
555,Scot,Coram,Corporate,169 Swallow Park,Columbus,Ohio,43204
556,Joe,Elijah,Consumer,08143 Haas Hill,Chicago,Illinois,60663
557,Ann,Chong,Corporate,7 Sommers Center,Indianapolis,Indiana,46231
558,Joy,Daniels,Consumer,460 Arkansas Trail,Miami,Florida,33175
559,Christy,Brittain,Consumer,72 Larry Place,Richmond,Virginia,23272
560,Joy,Smith,Consumer,894 Sherman Plaza,Midland,Michigan,48670
561,Luke,Weiss,Consumer,747 Corscot Court,Chicago,Illinois,60624
562,Stuart,Calhoun,Consumer,2476 Meadow Valley Terrace,Stamford,Connecticut,6922
563,Anne,McFarland,Consumer,21 Riverside Center,Sioux Falls,South Dakota,57193
564,Rick,Huthwaite,Home Office,1658 Welch Trail,Knoxville,Tennessee,37919
565,Carol,Triggs,Consumer,60 Esker Court,Lincoln,Nebraska,68510
566,Matt,Collister,Corporate,5282 Michigan Point,Huntington,West Virginia,25711
567,Corey,Catlett,Corporate,73844 Park Meadow Crossing,Chicago,Illinois,60697
568,Kelly,Andreada,Consumer,24857 Ohio Hill,Little Rock,Arkansas,72231
569,Tamara,Chand,Corporate,42563 Troy Junction,New York City,New York,10292
570,Bart,Folk,Consumer,3146 Burning Wood Trail,Saint Louis,Missouri,63158
571,Magdelene,Morse,Consumer,194 Vernon Street,Denton,Texas,76205
572,Adrian,Hane,Home Office,7 Nelson Circle,Columbia,South Carolina,29225
573,Ben,Wallace,Consumer,6419 Caliangt Trail,Bakersfield,California,93381
574,Scot,Wooten,Consumer,2 Sutteridge Lane,San Antonio,Texas,78285
575,Brian,Stugart,Consumer,1635 Forster Place,Nashville,Tennessee,37210
576,Randy,Ferguson,Corporate,46678 Mitchell Crossing,Springfield,Illinois,62764
577,William,Brown,Consumer,5 Anhalt Court,Lees Summit,Missouri,64082
578,Trudy,Brown,Consumer,1428 Bultman Pass,Memphis,Tennessee,38181
579,Art,Ferguson,Consumer,074 Drewry Place,Fort Worth,Texas,76115
580,Richard,Bierner,Consumer,98479 Kennedy Crossing,Gainesville,Florida,32605
581,Karen,Ferguson,Home Office,81790 Meadow Vale Drive,Lees Summit,Missouri,64082
582,John,Huston,Consumer,90 Bultman Street,Saint Paul,Minnesota,55123
583,Ivan,Liston,Consumer,70308 Clarendon Trail,El Paso,Texas,88519
584,Patrick,Bzostek,Home Office,362 Cody Road,Boston,Massachusetts,2203
585,Rob,Haberlin,Consumer,58979 Bowman Crossing,Charleston,South Carolina,29403
586,Arthur,Wiediger,Home Office,5965 Dennis Avenue,Colorado Springs,Colorado,80915
587,Maris,LaWare,Consumer,7 Melody Junction,Springfield,Illinois,62723
588,Dorothy,Badders,Corporate,6 Canary Place,Tucson,Arizona,85720
589,Matt,Hagelstein,Corporate,87840 Brickson Park Alley,North Hollywood,California,91616
590,Dennis,Kane,Consumer,729 Hoffman Crossing,Pensacola,Florida,32520
591,Bobby,Trafton,Consumer,7 Annamark Hill,Saint Paul,Minnesota,55166
592,Denny,Blanton,Consumer,67 Orin Trail,Carson City,Nevada,89714
593,Toby,Gnade,Consumer,973 Oriole Drive,Fort Wayne,Indiana,46814
594,Barry,Franz,Home Office,7 Raven Center,New Orleans,Louisiana,70149
595,Justin,MacKendrick,Consumer,7 Thompson Point,Port Charlotte,Florida,33954
596,Maria,Zettner,Home Office,4 Welch Drive,Alhambra,California,91841
597,Mitch,Webber,Consumer,7966 Tomscot Street,Jacksonville,Florida,32220
598,Mark,Van,Consumer,47629 Fulton Terrace,Baton Rouge,Louisiana,70894
599,Sean,Miller,Home Office,97 Pepper Wood Center,Sacramento,California,94280
600,Tom,Prescott,Consumer,00661 Katie Park,Toledo,Ohio,43656
601,Jim,Karlsson,Consumer,794 Leroy Circle,Hartford,Connecticut,6160
602,Patrick,Jones,Corporate,908 Ludington Trail,Iowa City,Iowa,52245
603,Ricardo,Sperren,Corporate,1 Pine View Avenue,Norcross,Georgia,30092
604,Susan,Vittorini,Consumer,60 Utah Crossing,Detroit,Michigan,48232
605,Becky,Castell,Home Office,810 Hovde Court,Sacramento,California,95894
606,Elizabeth,Moffitt,Corporate,25 Sage Avenue,Miami,Florida,33261
607,Brendan,Murry,Corporate,53187 Bartelt Avenue,Young America,Minnesota,55557
608,Kristina,Nunn,Home Office,56453 Anzinger Way,San Diego,California,92132
609,Kelly,Williams,Consumer,49 Homewood Terrace,Columbia,South Carolina,29215
610,Scott,Cohen,Corporate,4 Grover Lane,Sacramento,California,95818
611,Christina,VanderZanden,Consumer,55 Union Terrace,Henderson,Nevada,89074
612,Speros,Goranitis,Consumer,9 Jana Alley,Los Angeles,California,90076
613,Tamara,Manning,Consumer,3802 Cardinal Lane,Los Angeles,California,90010
614,Eleni,McCrary,Corporate,46267 Dwight Drive,Tampa,Florida,33661
615,Michelle,Lonsdale,Corporate,97 Welch Pass,Northridge,California,91328
616,Clay,Rozendal,Home Office,0 Ramsey Junction,Marietta,Georgia,30066
617,Annie,Zypern,Consumer,65 Oakridge Alley,Buffalo,New York,14233
618,Pierre,Wener,Consumer,2 Calypso Point,Louisville,Kentucky,40225
619,Shahid,Collister,Consumer,672 Main Crossing,Boulder,Colorado,80310
620,Carlos,Meador,Consumer,08509 Luster Alley,Cleveland,Ohio,44191
621,Greg,Maxwell,Corporate,78264 Morningstar Pass,Jefferson City,Missouri,65105
622,Tim,Brockman,Consumer,8656 Garrison Park,Vero Beach,Florida,32964
623,John,Murray,Consumer,20562 Debra Pass,El Paso,Texas,88558
624,Sonia,Cooley,Consumer,34345 Portage Center,Cincinnati,Ohio,45243
625,Luke,Schmidt,Corporate,838 Dottie Court,Chicago,Illinois,60624
626,Ralph,Ritter,Consumer,773 Dapin Hill,Topeka,Kansas,66699
627,Daniel,Byrd,Home Office,19111 Merrick Drive,Springfield,Illinois,62776
628,Thomas,Thornton,Consumer,053 Dawn Court,Anchorage,Alaska,99517
629,Lori,Olson,Corporate,3 Golf Course Point,Flushing,New York,11388
630,Ken,Dana,Corporate,8138 Grasskamp Road,Allentown,Pennsylvania,18105
631,Nicole,Brennan,Corporate,8 Spenser Avenue,Roanoke,Virginia,24020
632,Brian,Derr,Consumer,410 Huxley Point,Littleton,Colorado,80127
633,Chris,McAfee,Consumer,1563 Buell Point,Birmingham,Alabama,35215
634,Edward,Nazzal,Consumer,7461 Hovde Junction,Pittsburgh,Pennsylvania,15205
635,Kean,Nguyen,Corporate,7 Clove Parkway,Moreno Valley,California,92555
636,Bill,Overfelt,Corporate,6 Pepper Wood Pass,Fairfax,Virginia,22036
637,Aleksandra,Gannaway,Corporate,45031 Stuart Hill,Charleston,West Virginia,25305
638,Matthew,Clasen,Corporate,909 Karstens Court,San Antonio,Texas,78210
639,Tom,Ashbrook,Home Office,61 Carberry Park,Bethlehem,Pennsylvania,18018
640,Jason,Fortune-,Consumer,6062 Kings Avenue,Memphis,Tennessee,38114
641,Tim,Taslimi,Corporate,9183 Golden Leaf Hill,Gadsden,Alabama,35905
642,Sarah,Bern,Consumer,765 American Ash Street,Roanoke,Virginia,24009
643,Craig,Leslie,Home Office,6885 Namekagon Terrace,Austin,Texas,78715
644,Hunter,Glantz,Consumer,4 Donald Circle,Dallas,Texas,75231
645,Nancy,Lomonaco,Home Office,545 Blackbird Crossing,New Orleans,Louisiana,70116
646,Rick,Reed,Corporate,8 Fallview Crossing,Albuquerque,New Mexico,87195
647,Toby,Carlisle,Consumer,5 Reinke Pass,Largo,Florida,34643
648,Stewart,Visinsky,Consumer,2107 Iowa Lane,Peoria,Illinois,61629
649,Bobby,Elias,Consumer,58872 Graceland Alley,Laurel,Maryland,20709
650,Steve,Carroll,Home Office,04256 Fieldstone Road,Columbia,South Carolina,29225
651,David,Flashing,Consumer,6 Jenifer Place,Spartanburg,South Carolina,29305
652,Fred,Harton,Consumer,67859 Burning Wood Place,Washington,District of Columbia,20036
653,MaryBeth,Skach,Consumer,33 Declaration Point,Toledo,Ohio,43699
654,Ritsa,Hightower,Consumer,01935 Glendale Circle,Newark,New Jersey,7188
655,George,Ashbrook,Consumer,844 Vera Alley,Austin,Texas,78732
656,Julie,Prescott,Home Office,2 Vidon Court,Louisville,Kentucky,40205
657,Dean,percer,Home Office,31064 Saint Paul Plaza,Garden Grove,California,92844
658,Michael,Oakman,Consumer,062 Springview Alley,Cincinnati,Ohio,45243
659,Denise,Leinenbach,Consumer,5 Myrtle Place,Montgomery,Alabama,36114
660,Michelle,Huthwaite,Consumer,2 Drewry Trail,Anniston,Alabama,36205
661,Daniel,Raglin,Home Office,166 Burning Wood Point,Long Beach,California,90810
662,Darrin,Martin,Consumer,8027 Heffernan Lane,Des Moines,Iowa,50330
663,Carol,Adams,Corporate,25275 Mitchell Point,Clearwater,Florida,34615
664,Anna,Chung,Consumer,145 Fulton Junction,Milwaukee,Wisconsin,53215
665,Denise,Monton,Corporate,0642 Jay Hill,Boulder,Colorado,80328
666,Vicky,Freymann,Home Office,729 Kedzie Pass,Wichita,Kansas,67210
667,Christopher,Conant,Consumer,78308 Blaine Court,Aurora,Colorado,80015
668,Beth,Fritzler,Corporate,35 Calypso Drive,Mesa,Arizona,85215
669,Harry,Greene,Consumer,48 Spohn Alley,Orlando,Florida,32868
670,Becky,Pak,Consumer,7 Memorial Lane,New Castle,Pennsylvania,16107
671,Eugene,Moren,Home Office,5641 Northland Road,Albuquerque,New Mexico,87140
672,Michelle,Arnett,Home Office,8 Maple Wood Court,Daytona Beach,Florida,32118
673,Andy,Yotov,Corporate,3023 Anthes Drive,Los Angeles,California,90189
674,Giulietta,Baptist,Consumer,62472 Waywood Junction,Suffolk,Virginia,23436
675,Julia,Barnett,Home Office,0 Melvin Point,Kalamazoo,Michigan,49006
676,Michael,Grace,Home Office,28572 Montana Terrace,Lawrenceville,Georgia,30045
677,Sharelle,Roach,Home Office,884 Division Avenue,Washington,District of Columbia,20078
678,Joy,Bell-,Consumer,757 Gale Terrace,Minneapolis,Minnesota,55480
679,Dario,Medina,Corporate,03 Kenwood Terrace,New York City,New York,10009
680,Tony,Chapman,Home Office,59434 Old Gate Lane,Des Moines,Iowa,50369
681,Sean,Wendt,Home Office,84984 Transport Road,Evansville,Indiana,47732
682,Richard,Eichhorn,Consumer,4 Rowland Junction,Charlotte,North Carolina,28272
683,Benjamin,Farhat,Home Office,9115 Basil Court,Topeka,Kansas,66642
684,Katrina,Bavinger,Home Office,1 Bluejay Avenue,New Orleans,Louisiana,70160
685,Jason,Gross,Corporate,09 Oakridge Court,Philadelphia,Pennsylvania,19146
686,Erin,Creighton,Consumer,17636 Troy Terrace,Austin,Texas,78789
687,Eugene,Barchas,Consumer,632 Waywood Plaza,Indianapolis,Indiana,46216
688,Jennifer,Patt,Corporate,07 Corry Hill,Duluth,Minnesota,55805
689,Cari,Sayre,Corporate,39591 Prentice Park,Newton,Massachusetts,2162
690,Gary,Hansen,Home Office,2273 Dennis Circle,Saint Petersburg,Florida,33742
691,Pete,Takahito,Consumer,1 Surrey Way,Pasadena,California,91117
692,Jack,Lebron,Consumer,05375 Johnson Lane,Bethlehem,Pennsylvania,18018
693,Aaron,Hawkins,Corporate,3488 Veith Lane,Santa Clara,California,95054
694,Cindy,Chapman,Consumer,50 Dunning Plaza,Dallas,Texas,75260
695,David,Wiener,Corporate,32 Butterfield Drive,Atlanta,Georgia,30328
696,Sarah,Jordon,Consumer,16 Gulseth Point,Washington,District of Columbia,20508
697,Bruce,Geld,Consumer,7155 Fordem Pass,Springfield,Missouri,65805
698,Laurel,Beltran,Home Office,58026 Jana Parkway,Chicago,Illinois,60609
699,Candace,McMahon,Corporate,05 Bultman Center,Phoenix,Arizona,85035
700,Evan,Henry,Consumer,594 Straubel Park,Houston,Texas,77020
701,Tony,Sayre,Consumer,82 Crowley Drive,Migrate,Kentucky,41905
702,Patrick,Ryan,Consumer,602 Pankratz Hill,Richmond,Virginia,23289
703,Liz,Carlisle,Consumer,9 Esch Junction,Baltimore,Maryland,21211
704,Cindy,Schnelling,Corporate,0 Annamark Plaza,El Paso,Texas,79999
705,Dave,Hallsten,Corporate,94075 Glacier Hill Trail,Philadelphia,Pennsylvania,19160
706,Jack,O'Briant,Corporate,3 Veith Place,Seattle,Washington,98127
707,Anna,Häberlin,Corporate,4202 Drewry Trail,El Paso,Texas,88563
708,Heather,Jas,Home Office,41 Artisan Parkway,Miami,Florida,33153
709,Mark,Hamilton,Consumer,2 Russell Road,Philadelphia,Pennsylvania,19191
710,Russell,D'Ascenzo,Consumer,5 Harbort Junction,Paterson,New Jersey,7544
711,Sam,Craven,Consumer,74540 Doe Crossing Avenue,Greensboro,North Carolina,27415
712,Stephanie,Ulpright,Home Office,2899 Schiller Center,Springfield,Missouri,65898
713,Fred,Chung,Corporate,2 Petterle Crossing,Richmond,Virginia,23228
714,Randy,Bradley,Consumer,931 Randy Circle,Hampton,Virginia,23668
715,Nick,Crebassa,Corporate,13791 Schmedeman Avenue,Dearborn,Michigan,48126
716,Darren,Budd,Corporate,51 Clove Terrace,Tucson,Arizona,85720
717,Maureen,Fritzler,Corporate,08 Summit Trail,Portland,Oregon,97229
718,Roland,Murray,Consumer,78671 Merchant Avenue,Atlanta,Georgia,30336
719,Vivian,Mathis,Consumer,484 4th Road,Richmond,Virginia,23203
720,Ed,Jacobs,Consumer,8346 Meadow Valley Trail,Knoxville,Tennessee,37939
721,Nathan,Cano,Consumer,4 Nancy Parkway,Naples,Florida,34108
722,Lycoris,Saunders,Consumer,992 Dexter Drive,San Antonio,Texas,78240
723,Katrina,Edelman,Corporate,73705 Vidon Crossing,Lawrenceville,Georgia,30245
724,Duane,Huffman,Home Office,1370 Hoard Drive,Virginia Beach,Virginia,23471
725,Peter,Fuller,Consumer,3454 Ryan Pass,Omaha,Nebraska,68124
726,Valerie,Takahito,Home Office,688 Prentice Pass,Minneapolis,Minnesota,55480
727,Maureen,Gnade,Consumer,15422 Corben Way,Glendale,Arizona,85311
728,Susan,Pistek,Consumer,36683 Buena Vista Trail,Houston,Texas,77080
729,Charles,Sheldon,Corporate,43 Marcy Hill,Nashville,Tennessee,37235
730,Dana,Kaydos,Consumer,8330 Mosinee Crossing,Buffalo,New York,14263
731,Khloe,Miller,Consumer,55 Arrowood Pass,Spartanburg,South Carolina,29305
732,Anna,Andreadi,Consumer,43286 Luster Avenue,Cincinnati,Ohio,45213
733,Dorothy,Dickinson,Consumer,5704 Cascade Junction,Omaha,Nebraska,68105
734,Amy,Hunt,Consumer,6473 Ridgeview Junction,Decatur,Illinois,62525
735,Tracy,Poddar,Corporate,47281 Heath Center,San Francisco,California,94164
736,Eileen,Kiefer,Home Office,470 Paget Drive,Bowie,Maryland,20719
737,Cyra,Reiten,Home Office,2034 Ohio Avenue,Omaha,Nebraska,68117
738,Susan,Gilcrest,Corporate,928 Utah Way,Houston,Texas,77015
739,Angele,Hood,Consumer,704 Old Gate Street,Washington,District of Columbia,20337
740,Neil,Französisch,Home Office,6 Brickson Park Circle,New York City,New York,10009
741,Bill,Shonely,Corporate,1 Lillian Pass,San Francisco,California,94164
742,Stefanie,Holloman,Corporate,33 Darwin Avenue,New York City,New York,10160
743,Roger,Demir,Consumer,2558 Westerfield Crossing,Savannah,Georgia,31405
744,Alex,Grayson,Consumer,8 Schiller Place,Kansas City,Kansas,66112
745,Georgia,Rosenberg,Corporate,05 Pierstorff Crossing,Des Moines,Iowa,50335
746,Vivek,Sundaresam,Consumer,4 Golf Parkway,Minneapolis,Minnesota,55487
747,Tony,Molinari,Consumer,90048 Blue Bill Park Alley,Phoenix,Arizona,85099
748,Tom,Stivers,Corporate,2057 Fair Oaks Junction,Milwaukee,Wisconsin,53205
749,Dennis,Bolton,Home Office,8795 Pepper Wood Pass,Boston,Massachusetts,2114
750,Nick,Radford,Consumer,9945 Clove Point,Henderson,Nevada,89012
751,Cari,Schnelling,Consumer,968 Iowa Junction,New York City,New York,10150
752,Monica,Federle,Corporate,2272 Sauthoff Court,San Diego,California,92115
753,Liz,Willingham,Consumer,0 Farragut Place,Charlotte,North Carolina,28272
754,Alex,Russell,Corporate,699 Jenna Street,Lake Worth,Florida,33467
755,Karen,Seio,Corporate,470 Longview Center,Alexandria,Virginia,22309
756,Aaron,Bergman,Consumer,5917 New Castle Plaza,Washington,District of Columbia,20425
757,Lisa,Ryan,Corporate,7 Declaration Circle,Fairbanks,Alaska,99709
758,Shahid,Shariari,Consumer,22716 Merchant Crossing,Indianapolis,Indiana,46202
759,Jill,Matthias,Consumer,0 Sugar Plaza,Baltimore,Maryland,21239
760,Jason,Klamczynski,Corporate,5996 Emmet Drive,Huntsville,Alabama,35805
761,Don,Miller,Corporate,5321 Shopko Road,Sacramento,California,94207
762,Muhammed,Lee,Consumer,9625 Orin Point,Madison,Wisconsin,53705
763,Marc,Harrigan,Home Office,478 Sycamore Park,Van Nuys,California,91411
764,Frank,Carlisle,Home Office,0788 Elmside Way,Fort Worth,Texas,76147
765,Thea,Hudgings,Corporate,21946 Jenifer Trail,Minneapolis,Minnesota,55402
766,Juliana,Krohn,Consumer,9527 Dahle Point,Charleston,West Virginia,25362
767,Sarah,Brown,Consumer,3395 Melody Place,Lansing,Michigan,48956
768,Barry,Gonzalez,Consumer,5472 Gina Terrace,Huntington Beach,California,92648
769,Barry,Weirich,Consumer,8 Union Lane,Albany,New York,12255
770,Mitch,Gastineau,Corporate,692 Shoshone Alley,Garland,Texas,75044
771,Doug,O'Connell,Consumer,34685 International Street,Chicago,Illinois,60686
772,Barry,Pond,Corporate,827 La Follette Plaza,Wichita,Kansas,67215
773,Trudy,Schmidt,Consumer,4 Di Loreto Parkway,Des Moines,Iowa,50330
774,Evan,Minnotte,Home Office,673 North Junction,Bakersfield,California,93305
775,Anthony,O'Donnell,Corporate,5352 Onsgard Trail,Las Cruces,New Mexico,88006
776,Mark,Haberlin,Corporate,8113 Arkansas Street,Pittsburgh,Pennsylvania,15240
777,Shirley,Schmidt,Home Office,9925 Susan Parkway,Lima,Ohio,45807
778,Lela,Donovan,Corporate,134 Eggendart Road,Van Nuys,California,91406
779,Victoria,Pisteka,Corporate,22484 Del Sol Point,West Palm Beach,Florida,33416
780,Theresa,Coyne,Corporate,6 Spaight Plaza,Washington,District of Columbia,20520
781,Ionia,McGrath,Consumer,7 Randy Center,Petaluma,California,94975
782,Anemone,Ratner,Consumer,5 Forest Run Pass,Los Angeles,California,90030
783,Craig,Molinari,Corporate,484 Dwight Plaza,Pomona,California,91797
784,Fred,Wasserman,Corporate,96583 Cambridge Junction,Washington,District of Columbia,20260
785,Lindsay,Castell,Home Office,22 Sheridan Parkway,Phoenix,Arizona,85035
786,Harold,Engle,Corporate,62218 Blue Bill Park Trail,Clearwater,Florida,34629
787,Brendan,Dodson,Home Office,454 Harper Road,Miami,Florida,33153
788,Harold,Dahlen,Home Office,8877 Linden Place,Pittsburgh,Pennsylvania,15279
789,Carl,Jackson,Corporate,9898 Bunker Hill Road,Cedar Rapids,Iowa,52410
790,Roy,Skaria,Home Office,54 Clemons Terrace,Baltimore,Maryland,21275
791,Sung,Chung,Consumer,59071 Russell Alley,Rockford,Illinois,61110
792,Ricardo,Emerson,Consumer,06241 Southridge Crossing,New Orleans,Louisiana,70174
793,Susan,MacKendrick,Consumer,3 Mandrake Pass,Reno,Nevada,89550
